{
    "metrics": {
        "http_req_failed_rate": {
            "passes": 15,
            "fails": 2,
            "thresholds": {
                "rate<0.05": true
            },
            "value": 0.8823529411764706
        },
        "http_req_receiving": {
            "p(90)": 0.94133,
            "p(95)": 0.9868349999999999,
            "avg": 1.0432545454545457,
            "min": 0,
            "med": 0,
            "max": 17.0591
        },
        "vus": {
            "value": 1,
            "min": 1,
            "max": 1
        },
        "checks": {
            "passes": 2,
            "fails": 15,
            "value": 0.11764705882352941
        },
        "http_req_tls_handshaking": {
            "avg": 7.936681818181819,
            "min": 0,
            "med": 0,
            "max": 71.0417,
            "p(90)": 40.5468000000001,
            "p(95)": 57.84023499999999
        },
        "data_sent": {
            "count": 11423,
            "rate": 716.3306577550275
        },
        "http_req_duration{expected_response:true}": {
            "med": 44.5813,
            "max": 520.1555,
            "p(90)": 485.38526,
            "p(95)": 502.77037999999993,
            "avg": 170.18910000000002,
            "min": 34.1655
        },
        "data_received": {
            "count": 38724,
            "rate": 2428.3628110746463
        },
        "iterations": {
            "count": 17,
            "rate": 1.0660615584203332
        },
        "http_req_duration": {
            "med": 35.224000000000004,
            "max": 520.1555,
            "p(90)": 107.23732000000001,
            "p(95)": 444.49591499999974,
            "avg": 84.44029090909093,
            "min": 22.7006
        },
        "req_duration_ms": {
            "avg": 43.92150588235294,
            "min": 22.7006,
            "med": 31.6021,
            "max": 108.0214,
            "p(90)": 95.88016,
            "p(95)": 101.74875999999999,
            "thresholds": {
                "p(95)<5000": false
            }
        },
        "http_req_connecting": {
            "p(90)": 17.670060000000042,
            "p(95)": 21.739359999999998,
            "avg": 2.962672727272727,
            "min": 0,
            "med": 0,
            "max": 23.6952
        },
        "http_req_failed": {
            "passes": 15,
            "fails": 7,
            "value": 0.6818181818181818
        },
        "vus_max": {
            "max": 1,
            "value": 1,
            "min": 1
        },
        "http_req_waiting": {
            "avg": 83.35034545454546,
            "min": 22.2123,
            "med": 33.974999999999994,
            "max": 518.9474,
            "p(90)": 107.23732000000001,
            "p(95)": 443.41224999999974
        },
        "http_req_blocked": {
            "avg": 13.67114090909091,
            "min": 0,
            "med": 0,
            "max": 150.1467,
            "p(90)": 61.56891000000014,
            "p(95)": 81.51856999999998
        },
        "iteration_duration": {
            "p(95)": 1606.2232,
            "avg": 888.3779647058824,
            "min": 370.9988,
            "med": 756.2267,
            "max": 1643.5816,
            "p(90)": 1486.82218
        },
        "http_reqs": {
            "count": 22,
            "rate": 1.3796090756027843
        },
        "http_req_sending": {
            "med": 0,
            "max": 0.5225,
            "p(90)": 0,
            "p(95)": 0.4794649999999997,
            "avg": 0.046690909090909095,
            "min": 0
        }
    },
    "setup_data": {
        "token": null
    },
    "root_group": {
        "checks": {
            "status 200": {
                "name": "status 200",
                "path": "::status 200",
                "id": "fad9fa412b86fcb03bee97c80dcd61f1",
                "passes": 2,
                "fails": 15
            }
        },
        "name": "",
        "path": "",
        "id": "d41d8cd98f00b204e9800998ecf8427e",
        "groups": {}
    }
}