{
    "metrics": {
        "http_reqs": {
            "count": 1,
            "rate": 0.03282007936656617
        },
        "http_req_receiving": {
            "max": 0,
            "p(90)": 0,
            "p(95)": 0,
            "avg": 0,
            "min": 0,
            "med": 0
        },
        "http_req_blocked": {
            "avg": 135.5585,
            "min": 135.5585,
            "med": 135.5585,
            "max": 135.5585,
            "p(90)": 135.5585,
            "p(95)": 135.5585
        },
        "vus": {
            "value": 0,
            "min": 0,
            "max": 0
        },
        "data_received": {
            "count": 6777,
            "rate": 222.42167786721893
        },
        "req_duration_ms": {
            "avg": 0,
            "min": 0,
            "med": 0,
            "max": 0,
            "p(90)": 0,
            "p(95)": 0,
            "thresholds": {
                "p(95)<5000": false
            }
        },
        "http_req_failed": {
            "passes": 0,
            "fails": 1,
            "value": 0
        },
        "http_req_sending": {
            "med": 0,
            "max": 0,
            "p(90)": 0,
            "p(95)": 0,
            "avg": 0,
            "min": 0
        },
        "data_sent": {
            "count": 2431,
            "rate": 79.78561294012235
        },
        "http_req_tls_handshaking": {
            "max": 72.1636,
            "p(90)": 72.1636,
            "p(95)": 72.1636,
            "avg": 72.1636,
            "min": 72.1636,
            "med": 72.1636
        },
        "http_req_failed_rate": {
            "passes": 0,
            "fails": 0,
            "thresholds": {
                "rate<0.05": false
            },
            "value": 0
        },
        "http_req_duration": {
            "max": 40.5314,
            "p(90)": 40.5314,
            "p(95)": 40.5314,
            "avg": 40.5314,
            "min": 40.5314,
            "med": 40.5314
        },
        "http_req_duration{expected_response:true}": {
            "avg": 40.5314,
            "min": 40.5314,
            "med": 40.5314,
            "max": 40.5314,
            "p(90)": 40.5314,
            "p(95)": 40.5314
        },
        "vus_max": {
            "max": 1,
            "value": 1,
            "min": 1
        },
        "http_req_connecting": {
            "max": 20.9464,
            "p(90)": 20.9464,
            "p(95)": 20.9464,
            "avg": 20.9464,
            "min": 20.9464,
            "med": 20.9464
        },
        "http_req_waiting": {
            "avg": 40.5314,
            "min": 40.5314,
            "med": 40.5314,
            "max": 40.5314,
            "p(90)": 40.5314,
            "p(95)": 40.5314
        }
    },
    "root_group": {
        "name": "",
        "path": "",
        "id": "d41d8cd98f00b204e9800998ecf8427e",
        "groups": {},
        "checks": {}
    }
}